"","area_km2","mean_SPM","mean_precipitation","mean_discharge","mean_u__wind","mean_v__wind","anthropic_km2"
"area_km2",1,-0.883994528043776,0.195056370583518,0.84099249964621,-0.110187041566608,-0.197730971586006,0.212401176936717
"mean_SPM",-0.883994528043776,1,-0.290381621774612,-0.833784612481721,0.150963511611207,0.31170129970696,-0.143020443922576
"mean_precipitation",0.195056370583518,-0.290381621774612,1,0.340478324449266,0.159464113071222,-0.2192796660751,-0.0504750262638605
"mean_discharge",0.84099249964621,-0.833784612481721,0.340478324449266,1,-0.05460763734802,-0.270000235940849,0.214242641879926
"mean_u__wind",-0.110187041566608,0.150963511611207,0.159464113071222,-0.05460763734802,1,-0.030837814888197,-0.0534509611131004
"mean_v__wind",-0.197730971586006,0.31170129970696,-0.2192796660751,-0.270000235940849,-0.030837814888197,1,-0.173885609006275
"anthropic_km2",0.212401176936717,-0.143020443922576,-0.0504750262638605,0.214242641879926,-0.0534509611131004,-0.173885609006275,1
